{
  "fio version" : "fio-3.36",
  "timestamp" : 1759369273,
  "timestamp_ms" : 1759369273019,
  "time" : "Wed Oct  1 21:41:13 2025",
  "global options" : {
    "direct" : "1",
    "time_based" : "1",
    "runtime" : "300",
    "ramp_time" : "5",
    "norandommap" : "1",
    "randrepeat" : "0",
    "percentile_list" : "50:95:99:99.9:99.99:99.999",
    "lat_percentiles" : "1",
    "size" : "4G",
    "directory" : "/mnt/g",
    "ioengine" : "libaio",
    "bs" : "4k",
    "rw" : "randread",
    "filename" : "/fio_testfile"
  },
  "jobs" : [
    {
      "jobname" : "mid-qd",
      "groupid" : 0,
      "job_start" : 1759368995290,
      "error" : 0,
      "eta" : 0,
      "elapsed" : 306,
      "job options" : {
        "iodepth" : "16",
        "numjobs" : "1"
      },
      "read" : {
        "io_bytes" : 10394062848,
        "io_kbytes" : 10150452,
        "bw_bytes" : 34646760,
        "bw" : 33834,
        "iops" : 8458.628471,
        "runtime" : 300001,
        "total_ios" : 2537597,
        "short_ios" : 0,
        "drop_ios" : 0,
        "slat_ns" : {
          "min" : 48859,
          "max" : 5502115,
          "mean" : 116092.720293,
          "stddev" : 45607.849460,
          "N" : 2537598
        },
        "clat_ns" : {
          "min" : 1528,
          "max" : 9211403,
          "mean" : 1774683.266063,
          "stddev" : 235645.252315,
          "N" : 2537612,
          "percentile" : {
            "50.000000" : 1744896,
            "95.000000" : 2179072,
            "99.000000" : 2408448,
            "99.900000" : 3424256,
            "99.990000" : 5537792,
            "99.999000" : 8159232
          }
        },
        "lat_ns" : {
          "min" : 100676,
          "max" : 9644299,
          "mean" : 1890776.278683,
          "stddev" : 246310.295282,
          "N" : 2537612,
          "percentile" : {
            "50.000000" : 1859584,
            "95.000000" : 2310144,
            "99.000000" : 2572288,
            "99.900000" : 3620864,
            "99.990000" : 5734400,
            "99.999000" : 8355840
          }
        },
        "bw_min" : 23744,
        "bw_max" : 36793,
        "bw_agg" : 50.068326,
        "bw_mean" : 33859.555556,
        "bw_dev" : 2261.665476,
        "bw_samples" : 585,
        "iops_min" : 5936,
        "iops_max" : 9198,
        "iops_mean" : 8464.557265,
        "iops_stddev" : 565.394035,
        "iops_samples" : 585
      },
      "write" : {
        "io_bytes" : 0,
        "io_kbytes" : 0,
        "bw_bytes" : 0,
        "bw" : 0,
        "iops" : 0.000000,
        "runtime" : 0,
        "total_ios" : 0,
        "short_ios" : 0,
        "drop_ios" : 0,
        "slat_ns" : {
          "min" : 0,
          "max" : 0,
          "mean" : 0.000000,
          "stddev" : 0.000000,
          "N" : 0
        },
        "clat_ns" : {
          "min" : 0,
          "max" : 0,
          "mean" : 0.000000,
          "stddev" : 0.000000,
          "N" : 0
        },
        "lat_ns" : {
          "min" : 0,
          "max" : 0,
          "mean" : 0.000000,
          "stddev" : 0.000000,
          "N" : 0
        },
        "bw_min" : 0,
        "bw_max" : 0,
        "bw_agg" : 0.000000,
        "bw_mean" : 0.000000,
        "bw_dev" : 0.000000,
        "bw_samples" : 0,
        "iops_min" : 0,
        "iops_max" : 0,
        "iops_mean" : 0.000000,
        "iops_stddev" : 0.000000,
        "iops_samples" : 0
      },
      "trim" : {
        "io_bytes" : 0,
        "io_kbytes" : 0,
        "bw_bytes" : 0,
        "bw" : 0,
        "iops" : 0.000000,
        "runtime" : 0,
        "total_ios" : 0,
        "short_ios" : 0,
        "drop_ios" : 0,
        "slat_ns" : {
          "min" : 0,
          "max" : 0,
          "mean" : 0.000000,
          "stddev" : 0.000000,
          "N" : 0
        },
        "clat_ns" : {
          "min" : 0,
          "max" : 0,
          "mean" : 0.000000,
          "stddev" : 0.000000,
          "N" : 0
        },
        "lat_ns" : {
          "min" : 0,
          "max" : 0,
          "mean" : 0.000000,
          "stddev" : 0.000000,
          "N" : 0
        },
        "bw_min" : 0,
        "bw_max" : 0,
        "bw_agg" : 0.000000,
        "bw_mean" : 0.000000,
        "bw_dev" : 0.000000,
        "bw_samples" : 0,
        "iops_min" : 0,
        "iops_max" : 0,
        "iops_mean" : 0.000000,
        "iops_stddev" : 0.000000,
        "iops_samples" : 0
      },
      "sync" : {
        "total_ios" : 0,
        "lat_ns" : {
          "min" : 0,
          "max" : 0,
          "mean" : 0.000000,
          "stddev" : 0.000000,
          "N" : 0
        }
      },
      "job_runtime" : 300000,
      "usr_cpu" : 2.064000,
      "sys_cpu" : 7.114667,
      "ctx" : 2800404,
      "majf" : 0,
      "minf" : 38,
      "iodepth_level" : {
        "1" : 0.000000,
        "2" : 0.000000,
        "4" : 0.000000,
        "8" : 0.000000,
        "16" : 100.000000,
        "32" : 0.000000,
        ">=64" : 0.000000
      },
      "iodepth_submit" : {
        "0" : 0.000000,
        "4" : 100.000000,
        "8" : 0.000000,
        "16" : 0.000000,
        "32" : 0.000000,
        "64" : 0.000000,
        ">=64" : 0.000000
      },
      "iodepth_complete" : {
        "0" : 0.000000,
        "4" : 99.999961,
        "8" : 0.000000,
        "16" : 0.100000,
        "32" : 0.000000,
        "64" : 0.000000,
        ">=64" : 0.000000
      },
      "latency_ns" : {
        "2" : 0.000000,
        "4" : 0.000000,
        "10" : 0.000000,
        "20" : 0.000000,
        "50" : 0.000000,
        "100" : 0.000000,
        "250" : 0.000000,
        "500" : 0.000000,
        "750" : 0.000000,
        "1000" : 0.000000
      },
      "latency_us" : {
        "2" : 0.010000,
        "4" : 0.000000,
        "10" : 0.000000,
        "20" : 0.000000,
        "50" : 0.000000,
        "100" : 0.000000,
        "250" : 0.010000,
        "500" : 0.010000,
        "750" : 0.010000,
        "1000" : 0.010000
      },
      "latency_ms" : {
        "2" : 86.231817,
        "4" : 13.706668,
        "10" : 0.061791,
        "20" : 0.000000,
        "50" : 0.000000,
        "100" : 0.000000,
        "250" : 0.000000,
        "500" : 0.000000,
        "750" : 0.000000,
        "1000" : 0.000000,
        "2000" : 0.000000,
        ">=2000" : 0.000000
      },
      "latency_depth" : 16,
      "latency_target" : 0,
      "latency_percentile" : 100.000000,
      "latency_window" : 0
    },
    {
      "jobname" : "high-qd",
      "groupid" : 0,
      "job_start" : 1759368995290,
      "error" : 0,
      "eta" : 0,
      "elapsed" : 306,
      "job options" : {
        "iodepth" : "128",
        "numjobs" : "1"
      },
      "read" : {
        "io_bytes" : 10380587008,
        "io_kbytes" : 10137292,
        "bw_bytes" : 34601841,
        "bw" : 33790,
        "iops" : 8447.288509,
        "runtime" : 300001,
        "total_ios" : 2534195,
        "short_ios" : 0,
        "drop_ios" : 0,
        "slat_ns" : {
          "min" : 45273,
          "max" : 5319440,
          "mean" : 116158.252917,
          "stddev" : 45185.770599,
          "N" : 2534196
        },
        "clat_ns" : {
          "min" : 3434,
          "max" : 31636704,
          "mean" : 15035511.268163,
          "stddev" : 1273593.211696,
          "N" : 2534322,
          "percentile" : {
            "50.000000" : 14745600,
            "95.000000" : 17694720,
            "99.000000" : 19005440,
            "99.900000" : 23986176,
            "99.990000" : 28442624,
            "99.999000" : 30801920
          }
        },
        "lat_ns" : {
          "min" : 165190,
          "max" : 31743902,
          "mean" : 15151671.543344,
          "stddev" : 1282431.226872,
          "N" : 2534322,
          "percentile" : {
            "50.000000" : 14876672,
            "95.000000" : 17694720,
            "99.000000" : 19267584,
            "99.900000" : 24248320,
            "99.990000" : 28704768,